Title,Text,Bias
"The Importance of Universal Healthcare for a Fairer Society","Universal healthcare should be a basic right, ensuring that every citizen, regardless of income or background, has access to essential health services without financial burden.","Left"
"The Need for a Strong National Defense in a Changing World","Our national security should be the top priority, and we must ensure that our military is adequately funded and prepared to face emerging global threats.","Right"
"Addressing Climate Change Through Immediate Government Action","The science is clear, and it's time for the government to step up, implement strong environmental policies, and hold corporations accountable for their contribution to climate change.","Left"
"The Role of Government in Economic Growth and Free Market Principles","The government should refrain from excessive regulations and allow businesses to thrive in a free market, as this will lead to economic growth and job creation.","Right"
"Progressive Taxation as a Tool for Addressing Wealth Inequality","Wealthier individuals and large corporations must contribute more through progressive taxes to help fund social programs that alleviate poverty and reduce inequality.","Left"
"Protecting the Constitution and Individual Freedoms From Government Overreach","The government must not infringe on individual freedoms; personal liberties such as freedom of speech and the right to bear arms must be protected at all costs.","Right"
"Why We Need Social Safety Nets to Protect the Most Vulnerable in Society","Government programs like Social Security, Medicare, and unemployment benefits are essential to ensure that those facing financial hardship or health crises are not left behind.","Left"
"Tax Cuts as a Way to Stimulate Business Growth and Economic Prosperity","Lowering taxes, especially on businesses, encourages investment, innovation, and job creation, leading to a stronger and more prosperous economy.","Right"
"The Case for Reforming Police and the Criminal Justice System","To ensure justice for all, we need to reform police practices, address systemic racism in law enforcement, and promote policies that prioritize rehabilitation over punishment.","Left"
"Free Speech and Its Protection in the Age of Political Correctness","In an era of growing political correctness, it is critical to defend the right to free speech, even when it challenges popular opinions or offends certain groups.","Right"
"The Need for Increased Investment in Renewable Energy to Fight Climate Change","Investing in renewable energy is not only crucial for protecting our planet from climate change, but it will also create thousands of jobs and foster innovation in green technologies.","Left"
"The Challenge of Maintaining Law and Order Amid Growing Social Unrest","We must ensure that our law enforcement is well-trained and equipped to maintain peace, while also addressing the root causes of social unrest through economic and social reforms.","Lean Right"
"The Fight for Comprehensive Immigration Reform in the United States","Immigration is an integral part of the American story, and it's time for comprehensive reform that balances national security with the humane treatment of refugees and undocumented immigrants.","Left"
"Strengthening the Economy by Cutting Government Regulations","Excessive government regulations stifle entrepreneurship and innovation; by cutting these regulations, we will empower businesses to grow and the economy to flourish.","Right"
"Fighting Systemic Racism Through Comprehensive Policy Changes","Systemic racism affects every aspect of society, from education to criminal justice. The government must enact policies that address these inequities and ensure equal rights for all citizens.","Left"
"Protecting American Workers by Prioritizing Domestic Manufacturing","We must ensure that American workers are not displaced by cheap foreign labor; prioritizing domestic manufacturing will help keep jobs and businesses in the U.S.","Lean Right"
"Expanding Workers' Rights and Strengthening Unions for Economic Fairness","Labor unions are vital to securing fair wages, benefits, and working conditions for American workers. We must ensure that workers have a strong voice in the workplace.","Left"
"The Right to Life and Protecting the Unborn in a Pro-Life Society","The sanctity of life is paramount, and we must protect the unborn by restricting abortion access and promoting pro-life policies.","Right"
"The Role of Education in Building a Fair and Equal Society","Public education is a fundamental right that should be accessible to all, and we must ensure that all children, regardless of their socioeconomic status, receive the same quality of education.","Left"
"Reducing Government Spending to Strengthen the Nation's Finances","The national debt is a looming crisis, and the only way to ensure long-term financial stability is by reducing government spending, especially on social programs.","Lean Right"
"Addressing the Affordable Housing Crisis With Government Solutions","Affordable housing is a basic human right, and the government must take decisive action to ensure that all citizens have access to safe, affordable homes.","Left"
"Protecting Traditional Family Values and Preserving the Nuclear Family","The traditional nuclear family, with a mother and father raising children, is the cornerstone of a strong society and should be promoted and protected.","Right"
"Supporting Universal Basic Income to Combat Poverty and Inequality","Universal basic income (UBI) would provide every citizen with a guaranteed income, reducing poverty and providing a safety net in an increasingly automated economy.","Left"
"Ensuring Fair and Transparent Elections to Strengthen Democracy","We must implement voter ID laws, eliminate fraud, and ensure that every eligible citizen's vote counts in a fair and transparent election process.","Lean Right"
"Protecting the Environment and Preserving Natural Resources for Future Generations","Strong environmental policies are necessary to combat climate change and preserve the natural resources that future generations will depend on.","Left"
"Balancing National Security with Personal Privacy Rights in the Digital Age","While national security is essential, we must also ensure that personal privacy and civil liberties are not compromised by overreach in surveillance and data collection.","Lean Right"
"The Importance of Maintaining a Strong Social Safety Net for the Elderly and Disabled","The elderly and disabled deserve our protection and support through robust social safety nets like Social Security and Medicaid to ensure they can live with dignity.","Left"
"Reducing Federal Intervention and Allowing States More Autonomy in Governance","The federal government should not impose one-size-fits-all policies; states should have the freedom to make decisions based on the specific needs of their residents.","Lean Right"
"Defending Workers' Rights by Raising the Minimum Wage Across the Country","Raising the minimum wage will provide workers with the financial security they deserve and help reduce income inequality, making the economy fairer for everyone.","Left"
"The Need for Strong Borders and Immigration Controls to Protect American Interests","We must strengthen our borders to ensure that only legal immigrants enter the country and protect American jobs and resources for American citizens.","Right"
"Ensuring Equal Pay and Equal Opportunity for All Women in the Workforce","Women should be paid equally for equal work, and policies must ensure that they have the same opportunities for advancement and success as their male counterparts.","Left"
"Promoting Fiscal Responsibility and Reducing the National Debt","The U.S. government must take steps to reduce the national debt by cutting unnecessary spending and improving the efficiency of public programs.","Lean Right"
"","Lean Right"
"The Case for Comprehensive Gun Control Laws to Prevent Mass Shootings","We mustEmpowering Local Communities by Increasing State and Local Control","State and local governments are in the best position to understand and address the needs of their communities, and they should have more power to make decisions. implement stricter gun control laws to prevent mass shootings and ensure that only responsible individuals are allowed to own firearms.","Left"
"Reducing Bureaucracy in Healthcare to Improve Efficiency and Access","Healthcare must be more efficient and accessible, which can be achieved by reducing government bureaucracy and allowing market-driven solutions to improve service delivery.","Right"
"The Importance of Gender Equality and Ending Discrimination in All Forms","We must end gender discrimination and ensure that women and men have equal access to opportunities, resources, and representation in all areas of society.","Left"
"Supporting Small Business Growth Through Tax Incentives and Lower Regulations","Small businesses are the backbone of the economy, and they should be supported through tax breaks and fewer regulations, allowing them to grow and create jobs.","Right"
